Invoice ID,Branch,City,Customer type,Gender,Product line
750-67-8428,A,Yangon,Member,Female,Health and beauty
226-31-3081,C,Naypyitaw,Normal,Female,Electronic accessories
631-41-3108,A,Yangon,Normal,Male,Home and lifestyle
123-19-1176,A,Yangon,Member,Male,Health and beauty
373-73-7910,A,Yangon,Normal,Male,Sports and travel
699-14-3026,C,Naypyitaw,Normal,Male,Electronic accessories
355-53-5943,A,Yangon,Member,Female,Electronic accessories
315-22-5665,C,Naypyitaw,Normal,Female,Home and lifestyle
665-32-9167,A,Yangon,Member,Female,Health and beauty
692-92-5582,B,Mandalay,Member,Female,Food and beverages
351-62-0822,B,Mandalay,Member,Female,Fashion accessories
529-56-3974,B,Mandalay,Member,Male,Electronic accessories
365-64-0515,A,Yangon,Normal,Female,Electronic accessories
252-56-2699,A,Yangon,Normal,Male,Food and beverages
829-34-3910,A,Yangon,Normal,Female,Health and beauty
299-46-1805,B,Mandalay,Member,Female,Sports and travel
656-95-9349,A,Yangon,Member,Female,Health and beauty
765-26-6951,A,Yangon,Normal,Male,Sports and travel
329-62-1586,A,Yangon,Normal,Male,Food and beverages
319-50-3348,B,Mandalay,Normal,Female,Home and lifestyle
300-71-4605,C,Naypyitaw,Member,Male,Electronic accessories
371-85-5789,B,Mandalay,Normal,Male,Health and beauty
273-16-6619,B,Mandalay,Normal,Male,Home and lifestyle
636-48-8204,A,Yangon,Normal,Male,Electronic accessories
549-59-1358,A,Yangon,Member,Male,Sports and travel
227-03-5010,A,Yangon,Member,Female,Home and lifestyle
649-29-6775,B,Mandalay,Normal,Male,Fashion accessories
189-17-4241,A,Yangon,Normal,Female,Fashion accessories
145-94-9061,B,Mandalay,Normal,Female,Food and beverages
848-62-7243,A,Yangon,Normal,Male,Health and beauty
871-79-8483,B,Mandalay,Normal,Male,Fashion accessories
149-71-6266,B,Mandalay,Member,Male,Sports and travel
640-49-2076,B,Mandalay,Normal,Male,Sports and travel
595-11-5460,A,Yangon,Normal,Male,Health and beauty
183-56-6882,C,Naypyitaw,Member,Female,Food and beverages
232-16-2483,C,Naypyitaw,Member,Female,Sports and travel
129-29-8530,A,Yangon,Member,Male,Sports and travel
272-65-1806,A,Yangon,Normal,Female,Electronic accessories
333-73-7901,C,Naypyitaw,Normal,Female,Health and beauty
777-82-7220,B,Mandalay,Member,Male,Home and lifestyle
280-35-5823,B,Mandalay,Member,Female,Home and lifestyle
554-53-8700,C,Naypyitaw,Member,Male,Home and lifestyle
354-25-5821,B,Mandalay,Member,Female,Sports and travel
228-96-1411,C,Naypyitaw,Member,Female,Food and beverages
617-15-4209,C,Naypyitaw,Member,Male,Health and beauty
132-32-9879,B,Mandalay,Member,Female,Electronic accessories
370-41-7321,B,Mandalay,Member,Male,Health and beauty
727-46-3608,B,Mandalay,Member,Female,Food and beverages
669-54-1719,B,Mandalay,Member,Male,Electronic accessories
574-22-5561,C,Naypyitaw,Member,Female,Fashion accessories
326-78-5178,C,Naypyitaw,Member,Male,Food and beverages
162-48-8011,A,Yangon,Member,Female,Food and beverages
616-24-2851,B,Mandalay,Member,Female,Fashion accessories
778-71-5554,C,Naypyitaw,Member,Male,Fashion accessories
242-55-6721,B,Mandalay,Normal,Male,Home and lifestyle
399-46-5918,C,Naypyitaw,Normal,Female,Electronic accessories
106-35-6779,A,Yangon,Member,Male,Home and lifestyle
635-40-6220,A,Yangon,Normal,Male,Health and beauty
817-48-8732,A,Yangon,Member,Female,Home and lifestyle
120-06-4233,C,Naypyitaw,Normal,Male,Electronic accessories
285-68-5083,C,Naypyitaw,Member,Female,Sports and travel
803-83-5989,C,Naypyitaw,Normal,Male,Home and lifestyle
347-34-2234,B,Mandalay,Member,Female,Sports and travel
199-75-8169,A,Yangon,Member,Male,Sports and travel
853-23-2453,B,Mandalay,Member,Male,Health and beauty
877-22-3308,A,Yangon,Member,Male,Health and beauty
838-78-4295,C,Naypyitaw,Normal,Female,Health and beauty
109-28-2512,B,Mandalay,Member,Female,Fashion accessories
232-11-3025,A,Yangon,Normal,Male,Sports and travel
382-03-4532,A,Yangon,Member,Female,Health and beauty
393-65-2792,C,Naypyitaw,Normal,Male,Food and beverages
796-12-2025,C,Naypyitaw,Normal,Male,Fashion accessories
510-95-6347,B,Mandalay,Member,Female,Food and beverages
841-35-6630,C,Naypyitaw,Normal,Female,Electronic accessories
287-21-9091,A,Yangon,Normal,Male,Home and lifestyle
732-94-0499,C,Naypyitaw,Normal,Female,Electronic accessories
263-10-3913,C,Naypyitaw,Member,Male,Fashion accessories
381-20-0914,A,Yangon,Member,Female,Fashion accessories
829-49-1914,C,Naypyitaw,Member,Female,Food and beverages
756-01-7507,C,Naypyitaw,Normal,Female,Health and beauty
870-72-4431,C,Naypyitaw,Normal,Female,Health and beauty
847-38-7188,B,Mandalay,Normal,Female,Food and beverages
480-63-2856,C,Naypyitaw,Normal,Male,Food and beverages
787-56-0757,C,Naypyitaw,Member,Female,Food and beverages
360-39-5055,C,Naypyitaw,Member,Male,Sports and travel
730-50-9884,C,Naypyitaw,Normal,Female,Sports and travel
362-58-8315,C,Naypyitaw,Normal,Male,Fashion accessories
633-44-8566,A,Yangon,Member,Male,Food and beverages
504-35-8843,A,Yangon,Normal,Male,Sports and travel
318-68-5053,B,Mandalay,Normal,Female,Health and beauty
565-80-5980,C,Naypyitaw,Member,Female,Home and lifestyle
225-32-0908,C,Naypyitaw,Normal,Female,Sports and travel
873-51-0671,A,Yangon,Member,Female,Sports and travel
152-08-9985,B,Mandalay,Member,Male,Health and beauty
512-91-0811,C,Naypyitaw,Normal,Male,Health and beauty
594-34-4444,A,Yangon,Normal,Male,Electronic accessories
766-85-7061,B,Mandalay,Normal,Male,Health and beauty
871-39-9221,C,Naypyitaw,Normal,Female,Electronic accessories
865-92-6136,A,Yangon,Normal,Male,Food and beverages
733-01-9107,B,Mandalay,Normal,Male,Home and lifestyle
163-56-7055,C,Naypyitaw,Member,Male,Fashion accessories
189-98-2939,C,Naypyitaw,Normal,Male,Fashion accessories
551-21-3069,C,Naypyitaw,Normal,Female,Electronic accessories
212-62-1842,A,Yangon,Normal,Male,Food and beverages
716-39-1409,B,Mandalay,Normal,Male,Health and beauty
704-48-3927,A,Yangon,Member,Male,Electronic accessories
628-34-3388,C,Naypyitaw,Normal,Male,Fashion accessories
630-74-5166,A,Yangon,Normal,Male,Sports and travel
588-01-7461,C,Naypyitaw,Normal,Female,Food and beverages
861-77-0145,C,Naypyitaw,Member,Male,Electronic accessories
479-26-8945,B,Mandalay,Member,Female,Sports and travel
210-67-5886,C,Naypyitaw,Member,Female,Health and beauty
227-78-1148,B,Mandalay,Normal,Female,Fashion accessories
645-44-1170,A,Yangon,Member,Male,Home and lifestyle
237-01-6122,C,Naypyitaw,Member,Female,Home and lifestyle
225-98-1496,C,Naypyitaw,Normal,Female,Fashion accessories
291-32-1427,B,Mandalay,Member,Male,Fashion accessories
659-65-8956,B,Mandalay,Member,Male,Fashion accessories
642-32-2990,A,Yangon,Normal,Female,Food and beverages
378-24-2715,B,Mandalay,Normal,Male,Home and lifestyle
638-60-7125,A,Yangon,Normal,Female,Electronic accessories
659-36-1684,C,Naypyitaw,Member,Male,Sports and travel
219-22-9386,B,Mandalay,Member,Male,Sports and travel
336-78-2147,C,Naypyitaw,Member,Male,Home and lifestyle
268-27-6179,B,Mandalay,Member,Female,Fashion accessories
668-90-8900,A,Yangon,Normal,Female,Home and lifestyle
870-54-3162,A,Yangon,Normal,Female,Sports and travel
189-08-9157,C,Naypyitaw,Normal,Female,Fashion accessories
663-86-9076,C,Naypyitaw,Member,Female,Food and beverages
549-84-7482,B,Mandalay,Normal,Female,Sports and travel
191-10-6171,B,Mandalay,Normal,Female,Fashion accessories
802-70-5316,A,Yangon,Member,Female,Sports and travel
695-51-0018,B,Mandalay,Normal,Female,Sports and travel
590-83-4591,B,Mandalay,Member,Male,Electronic accessories
483-71-1164,C,Naypyitaw,Normal,Female,Health and beauty
597-78-7908,C,Naypyitaw,Normal,Male,Fashion accessories
700-81-1757,A,Yangon,Normal,Female,Electronic accessories
354-39-5160,A,Yangon,Member,Female,Home and lifestyle
241-72-9525,B,Mandalay,Normal,Male,Sports and travel
575-30-8091,A,Yangon,Normal,Male,Sports and travel
731-81-9469,C,Naypyitaw,Member,Female,Sports and travel
280-17-4359,C,Naypyitaw,Member,Male,Health and beauty
338-65-2210,C,Naypyitaw,Member,Female,Health and beauty
488-25-4221,C,Naypyitaw,Member,Female,Food and beverages
239-10-7476,A,Yangon,Normal,Female,Home and lifestyle
458-41-1477,C,Naypyitaw,Normal,Female,Health and beauty
685-64-1609,A,Yangon,Member,Female,Fashion accessories
568-90-5112,C,Naypyitaw,Normal,Male,Health and beauty
262-47-2794,B,Mandalay,Member,Male,Home and lifestyle
238-49-0436,A,Yangon,Normal,Male,Health and beauty
608-96-3517,B,Mandalay,Member,Female,Fashion accessories
584-86-7256,C,Naypyitaw,Member,Male,Sports and travel
746-94-0204,A,Yangon,Normal,Male,Fashion accessories
214-17-6927,C,Naypyitaw,Normal,Female,Food and beverages
400-89-4171,C,Naypyitaw,Normal,Female,Sports and travel
782-95-9291,A,Yangon,Member,Male,Food and beverages
279-74-2924,B,Mandalay,Member,Male,Electronic accessories
307-85-2293,B,Mandalay,Normal,Male,Home and lifestyle
743-04-1105,B,Mandalay,Member,Male,Health and beauty
423-57-2993,B,Mandalay,Normal,Male,Sports and travel
894-41-5205,C,Naypyitaw,Normal,Female,Food and beverages
275-28-0149,A,Yangon,Normal,Male,Sports and travel
101-17-6199,A,Yangon,Normal,Male,Food and beverages
423-80-0988,C,Naypyitaw,Normal,Male,Sports and travel
548-46-9322,B,Mandalay,Normal,Male,Food and beverages
505-02-0892,B,Mandalay,Member,Male,Health and beauty
234-65-2137,C,Naypyitaw,Normal,Male,Home and lifestyle
687-47-8271,A,Yangon,Normal,Male,Fashion accessories
796-32-9050,A,Yangon,Normal,Male,Food and beverages
105-31-1824,A,Yangon,Member,Male,Sports and travel
249-42-3782,A,Yangon,Normal,Male,Health and beauty
316-55-4634,B,Mandalay,Member,Male,Food and beverages
733-33-4967,C,Naypyitaw,Normal,Male,Electronic accessories
608-27-6295,B,Mandalay,Member,Male,Electronic accessories
414-12-7047,B,Mandalay,Normal,Male,Food and beverages
827-26-2100,A,Yangon,Member,Male,Home and lifestyle
175-54-2529,A,Yangon,Member,Male,Food and beverages
139-52-2867,C,Naypyitaw,Normal,Female,Fashion accessories
407-63-8975,A,Yangon,Normal,Male,Food and beverages
342-65-4817,C,Naypyitaw,Member,Male,Health and beauty
130-98-8941,C,Naypyitaw,Normal,Male,Fashion accessories
434-83-9547,C,Naypyitaw,Member,Male,Food and beverages
851-28-6367,A,Yangon,Member,Male,Sports and travel
824-88-3614,C,Naypyitaw,Normal,Male,Health and beauty
586-25-0848,A,Yangon,Normal,Female,Sports and travel
895-66-0685,B,Mandalay,Member,Male,Food and beverages
305-14-0245,B,Mandalay,Member,Female,Home and lifestyle
732-04-5373,B,Mandalay,Member,Male,Home and lifestyle
400-60-7251,A,Yangon,Normal,Male,Home and lifestyle
593-65-1552,C,Naypyitaw,Normal,Female,Home and lifestyle
284-34-9626,B,Mandalay,Normal,Female,Home and lifestyle
437-58-8131,B,Mandalay,Normal,Female,Fashion accessories
286-43-6208,C,Naypyitaw,Normal,Female,Food and beverages
641-43-2399,B,Mandalay,Normal,Male,Home and lifestyle
831-07-6050,A,Yangon,Normal,Male,Electronic accessories
556-86-3144,C,Naypyitaw,Member,Female,Fashion accessories
848-24-9445,C,Naypyitaw,Member,Male,Health and beauty
856-22-8149,A,Yangon,Normal,Female,Home and lifestyle
699-01-4164,C,Naypyitaw,Normal,Male,Health and beauty
420-11-4919,C,Naypyitaw,Member,Female,Food and beverages
606-80-4905,C,Naypyitaw,Member,Female,Sports and travel
542-41-0513,B,Mandalay,Member,Female,Electronic accessories
426-39-2418,C,Naypyitaw,Normal,Male,Electronic accessories
875-46-5808,B,Mandalay,Member,Male,Health and beauty
394-43-4238,B,Mandalay,Member,Male,Home and lifestyle
749-24-1565,A,Yangon,Normal,Female,Health and beauty
672-51-8681,C,Naypyitaw,Member,Female,Electronic accessories
263-87-5680,C,Naypyitaw,Member,Female,Home and lifestyle
573-58-9734,B,Mandalay,Normal,Female,Fashion accessories
817-69-8206,B,Mandalay,Normal,Female,Electronic accessories
888-02-0338,A,Yangon,Normal,Male,Electronic accessories
677-11-0152,C,Naypyitaw,Normal,Female,Food and beverages
142-63-6033,B,Mandalay,Normal,Male,Home and lifestyle
656-16-1063,B,Mandalay,Normal,Male,Sports and travel
891-58-8335,B,Mandalay,Member,Female,Sports and travel
802-43-8934,A,Yangon,Normal,Male,Home and lifestyle
560-30-5617,B,Mandalay,Normal,Female,Sports and travel
319-74-2561,A,Yangon,Member,Female,Electronic accessories
549-03-9315,B,Mandalay,Normal,Male,Fashion accessories
790-29-1172,B,Mandalay,Normal,Female,Food and beverages
239-36-3640,B,Mandalay,Normal,Male,Electronic accessories
468-01-2051,B,Mandalay,Normal,Male,Food and beverages
389-25-3394,C,Naypyitaw,Normal,Male,Electronic accessories
279-62-1445,C,Naypyitaw,Member,Female,Fashion accessories
213-72-6612,A,Yangon,Normal,Male,Food and beverages
746-68-6593,C,Naypyitaw,Member,Female,Sports and travel
836-82-5858,B,Mandalay,Member,Male,Health and beauty
583-72-1480,C,Naypyitaw,Member,Male,Electronic accessories
466-61-5506,B,Mandalay,Member,Female,Electronic accessories
721-86-6247,A,Yangon,Normal,Female,Home and lifestyle
289-65-5721,B,Mandalay,Normal,Female,Fashion accessories
545-46-3100,B,Mandalay,Member,Female,Electronic accessories
418-02-5978,B,Mandalay,Normal,Female,Health and beauty
269-04-5750,B,Mandalay,Member,Male,Fashion accessories
157-13-5295,A,Yangon,Member,Male,Health and beauty
645-78-8093,A,Yangon,Normal,Female,Sports and travel
211-30-9270,C,Naypyitaw,Normal,Male,Health and beauty
755-12-3214,C,Naypyitaw,Member,Female,Fashion accessories
346-84-3103,B,Mandalay,Member,Female,Electronic accessories
478-06-7835,A,Yangon,Normal,Male,Fashion accessories
540-11-4336,A,Yangon,Normal,Male,Food and beverages
448-81-5016,A,Yangon,Normal,Male,Health and beauty
142-72-4741,C,Naypyitaw,Member,Male,Fashion accessories
217-58-1179,A,Yangon,Member,Male,Home and lifestyle
376-02-8238,B,Mandalay,Normal,Male,Home and lifestyle
530-90-9855,A,Yangon,Member,Male,Home and lifestyle
866-05-7563,B,Mandalay,Member,Female,Electronic accessories
604-70-6476,A,Yangon,Member,Male,Fashion accessories
799-71-1548,A,Yangon,Member,Male,Electronic accessories
785-13-7708,B,Mandalay,Normal,Male,Food and beverages
845-51-0542,B,Mandalay,Member,Male,Food and beverages
662-47-5456,C,Naypyitaw,Member,Male,Fashion accessories
883-17-4236,C,Naypyitaw,Normal,Female,Sports and travel
290-68-2984,A,Yangon,Normal,Male,Home and lifestyle
704-11-6354,A,Yangon,Member,Male,Home and lifestyle
110-48-7033,B,Mandalay,Member,Male,Fashion accessories
366-93-0948,A,Yangon,Member,Male,Electronic accessories
729-09-9681,A,Yangon,Member,Male,Home and lifestyle
151-16-1484,A,Yangon,Member,Male,Electronic accessories
380-94-4661,C,Naypyitaw,Member,Male,Electronic accessories
850-41-9669,A,Yangon,Normal,Female,Electronic accessories
821-07-3596,C,Naypyitaw,Normal,Female,Fashion accessories
655-85-5130,B,Mandalay,Member,Female,Fashion accessories
447-15-7839,A,Yangon,Member,Female,Sports and travel
154-74-7179,B,Mandalay,Normal,Male,Sports and travel
253-12-6086,A,Yangon,Member,Female,Sports and travel
808-65-0703,C,Naypyitaw,Normal,Male,Home and lifestyle
571-94-0759,B,Mandalay,Member,Female,Food and beverages
144-51-6085,A,Yangon,Member,Male,Home and lifestyle
731-14-2199,A,Yangon,Member,Female,Home and lifestyle
783-09-1637,B,Mandalay,Normal,Female,Sports and travel
687-15-1097,C,Naypyitaw,Member,Female,Health and beauty
126-54-1082,A,Yangon,Member,Female,Home and lifestyle
633-91-1052,A,Yangon,Normal,Female,Home and lifestyle
477-24-6490,B,Mandalay,Normal,Female,Health and beauty
566-19-5475,B,Mandalay,Normal,Male,Fashion accessories
526-86-8552,C,Naypyitaw,Member,Female,Home and lifestyle
376-56-3573,C,Naypyitaw,Normal,Female,Fashion accessories
537-72-0426,C,Naypyitaw,Member,Male,Fashion accessories
828-61-5674,A,Yangon,Member,Male,Sports and travel
136-08-6195,A,Yangon,Normal,Female,Home and lifestyle
523-38-0215,C,Naypyitaw,Normal,Male,Home and lifestyle
490-29-1201,A,Yangon,Normal,Female,Sports and travel
667-92-0055,A,Yangon,Member,Male,Health and beauty
565-17-3836,A,Yangon,Member,Female,Health and beauty
498-41-1961,B,Mandalay,Normal,Male,Health and beauty
593-95-4461,C,Naypyitaw,Member,Male,Home and lifestyle
226-71-3580,C,Naypyitaw,Normal,Female,Sports and travel
283-79-9594,B,Mandalay,Normal,Female,Food and beverages
430-60-3493,A,Yangon,Member,Female,Home and lifestyle
139-20-0155,B,Mandalay,Member,Male,Electronic accessories
558-80-4082,C,Naypyitaw,Normal,Male,Electronic accessories
278-97-7759,A,Yangon,Member,Female,Electronic accessories
316-68-6352,A,Yangon,Member,Female,Food and beverages
585-03-5943,B,Mandalay,Normal,Male,Health and beauty
211-05-0490,C,Naypyitaw,Member,Female,Electronic accessories
727-75-6477,C,Naypyitaw,Normal,Male,Electronic accessories
744-02-5987,A,Yangon,Member,Male,Home and lifestyle
307-83-9164,A,Yangon,Member,Male,Home and lifestyle
779-06-0012,C,Naypyitaw,Member,Female,Home and lifestyle
446-47-6729,C,Naypyitaw,Normal,Male,Fashion accessories
573-10-3877,B,Mandalay,Member,Male,Health and beauty
735-06-4124,C,Naypyitaw,Normal,Male,Food and beverages
439-54-7422,A,Yangon,Normal,Female,Electronic accessories
396-90-2219,B,Mandalay,Normal,Female,Electronic accessories
411-77-0180,A,Yangon,Member,Male,Electronic accessories
286-01-5402,A,Yangon,Normal,Female,Sports and travel
803-17-8013,A,Yangon,Member,Female,Home and lifestyle
512-98-1403,A,Yangon,Member,Female,Electronic accessories
848-42-2560,A,Yangon,Normal,Female,Fashion accessories
532-59-7201,B,Mandalay,Member,Male,Sports and travel
181-94-6432,C,Naypyitaw,Member,Male,Fashion accessories
870-76-1733,A,Yangon,Member,Female,Food and beverages
423-64-4619,A,Yangon,Member,Female,Health and beauty
227-07-4446,C,Naypyitaw,Member,Female,Electronic accessories
174-36-3675,C,Naypyitaw,Member,Male,Food and beverages
428-83-5800,C,Naypyitaw,Member,Female,Food and beverages
603-07-0961,C,Naypyitaw,Member,Male,Electronic accessories
704-20-4138,C,Naypyitaw,Member,Female,Health and beauty
787-15-1757,C,Naypyitaw,Member,Male,Health and beauty
649-11-3678,C,Naypyitaw,Normal,Female,Food and beverages
622-20-1945,C,Naypyitaw,Normal,Female,Health and beauty
372-94-8041,A,Yangon,Normal,Male,Health and beauty
563-91-7120,A,Yangon,Normal,Female,Fashion accessories
746-54-5508,A,Yangon,Normal,Male,Home and lifestyle
276-54-0879,B,Mandalay,Normal,Male,Sports and travel
815-11-1168,A,Yangon,Member,Male,Food and beverages
719-76-3868,C,Naypyitaw,Member,Male,Food and beverages
730-61-8757,B,Mandalay,Member,Male,Health and beauty
340-66-0321,A,Yangon,Member,Male,Electronic accessories
868-81-1752,B,Mandalay,Normal,Male,Home and lifestyle
634-97-8956,A,Yangon,Normal,Male,Food and beverages
566-71-1091,A,Yangon,Normal,Male,Fashion accessories
442-48-3607,A,Yangon,Member,Male,Food and beverages
835-16-0096,C,Naypyitaw,Member,Male,Sports and travel
527-09-6272,A,Yangon,Member,Female,Electronic accessories
898-04-2717,A,Yangon,Normal,Male,Fashion accessories
692-27-8933,B,Mandalay,Normal,Female,Sports and travel
633-09-3463,C,Naypyitaw,Normal,Female,Electronic accessories
374-17-3652,B,Mandalay,Member,Female,Food and beverages
378-07-7001,B,Mandalay,Member,Male,Electronic accessories
433-75-6987,B,Mandalay,Member,Female,Health and beauty
873-95-4984,B,Mandalay,Member,Female,Health and beauty
416-13-5917,C,Naypyitaw,Normal,Female,Food and beverages
150-89-8043,A,Yangon,Normal,Male,Sports and travel
135-84-8019,A,Yangon,Normal,Female,Fashion accessories
441-94-7118,A,Yangon,Member,Male,Electronic accessories
725-96-3778,C,Naypyitaw,Member,Female,Home and lifestyle
531-80-1784,A,Yangon,Normal,Male,Electronic accessories
400-45-1220,B,Mandalay,Normal,Female,Health and beauty
860-79-0874,C,Naypyitaw,Member,Female,Fashion accessories
834-61-8124,A,Yangon,Normal,Male,Electronic accessories
115-99-4379,B,Mandalay,Member,Female,Fashion accessories
565-67-6697,B,Mandalay,Member,Male,Home and lifestyle
320-49-6392,C,Naypyitaw,Normal,Female,Electronic accessories
889-04-9723,B,Mandalay,Member,Female,Food and beverages
632-90-0281,C,Naypyitaw,Normal,Female,Fashion accessories
554-42-2417,C,Naypyitaw,Normal,Female,Sports and travel
453-63-6187,B,Mandalay,Normal,Male,Electronic accessories
578-80-7669,B,Mandalay,Normal,Male,Sports and travel
612-36-5536,A,Yangon,Member,Male,Food and beverages
605-72-4132,C,Naypyitaw,Normal,Female,Food and beverages
471-41-2823,C,Naypyitaw,Normal,Male,Food and beverages
462-67-9126,A,Yangon,Normal,Male,Home and lifestyle
272-27-9238,C,Naypyitaw,Normal,Female,Food and beverages
834-25-9262,C,Naypyitaw,Normal,Female,Fashion accessories
122-61-9553,C,Naypyitaw,Normal,Female,Electronic accessories
468-88-0009,A,Yangon,Member,Male,Home and lifestyle
613-59-9758,C,Naypyitaw,Normal,Female,Sports and travel
254-31-0042,A,Yangon,Member,Male,Electronic accessories
201-86-2184,B,Mandalay,Member,Female,Electronic accessories
261-12-8671,B,Mandalay,Normal,Female,Fashion accessories
730-70-9830,C,Naypyitaw,Normal,Female,Home and lifestyle
382-25-8917,C,Naypyitaw,Normal,Male,Fashion accessories
422-29-8786,A,Yangon,Normal,Female,Home and lifestyle
667-23-5919,A,Yangon,Member,Female,Fashion accessories
843-01-4703,B,Mandalay,Member,Female,Home and lifestyle
743-88-1662,C,Naypyitaw,Normal,Male,Sports and travel
595-86-2894,C,Naypyitaw,Member,Male,Fashion accessories
182-69-8360,B,Mandalay,Normal,Female,Electronic accessories
289-15-7034,A,Yangon,Member,Male,Sports and travel
462-78-5240,C,Naypyitaw,Normal,Female,Electronic accessories
868-52-7573,B,Mandalay,Normal,Female,Food and beverages
153-58-4872,C,Naypyitaw,Member,Female,Food and beverages
662-72-2873,A,Yangon,Normal,Female,Food and beverages
525-88-7307,B,Mandalay,Member,Male,Sports and travel
689-16-9784,C,Naypyitaw,Normal,Male,Food and beverages
725-56-0833,A,Yangon,Normal,Female,Health and beauty
394-41-0748,C,Naypyitaw,Member,Female,Fashion accessories
596-42-3999,B,Mandalay,Normal,Male,Food and beverages
541-89-9860,C,Naypyitaw,Member,Female,Fashion accessories
173-82-9529,B,Mandalay,Normal,Female,Fashion accessories
563-36-9814,A,Yangon,Member,Male,Electronic accessories
308-47-4913,A,Yangon,Member,Female,Sports and travel
885-17-6250,A,Yangon,Normal,Female,Health and beauty
726-27-2396,A,Yangon,Normal,Female,Health and beauty
316-01-3952,A,Yangon,Normal,Female,Food and beverages
760-54-1821,B,Mandalay,Normal,Male,Home and lifestyle
793-10-3222,B,Mandalay,Member,Female,Health and beauty
346-12-3257,B,Mandalay,Member,Male,Electronic accessories
110-05-6330,C,Naypyitaw,Normal,Female,Food and beverages
651-61-0874,C,Naypyitaw,Normal,Male,Home and lifestyle
236-86-3015,C,Naypyitaw,Member,Male,Home and lifestyle
831-64-0259,B,Mandalay,Normal,Female,Fashion accessories
587-03-7455,C,Naypyitaw,Member,Female,Fashion accessories
882-40-4577,A,Yangon,Member,Male,Sports and travel
732-67-5346,A,Yangon,Normal,Male,Food and beverages
725-32-9708,B,Mandalay,Member,Female,Fashion accessories
256-08-8343,A,Yangon,Normal,Female,Home and lifestyle
372-26-1506,C,Naypyitaw,Normal,Female,Fashion accessories
244-08-0162,B,Mandalay,Normal,Female,Health and beauty
569-71-4390,B,Mandalay,Normal,Male,Sports and travel
132-23-6451,A,Yangon,Member,Male,Health and beauty
696-90-2548,A,Yangon,Normal,Male,Sports and travel
472-15-9636,A,Yangon,Normal,Male,Home and lifestyle
268-03-6164,B,Mandalay,Normal,Male,Health and beauty
750-57-9686,C,Naypyitaw,Normal,Female,Home and lifestyle
186-09-3669,C,Naypyitaw,Member,Female,Health and beauty
848-07-1692,B,Mandalay,Normal,Female,Health and beauty
745-71-3520,A,Yangon,Member,Female,Electronic accessories
266-76-6436,C,Naypyitaw,Member,Female,Food and beverages
740-22-2500,C,Naypyitaw,Normal,Female,Electronic accessories
271-88-8734,C,Naypyitaw,Member,Female,Fashion accessories
301-81-8610,B,Mandalay,Member,Male,Fashion accessories
489-64-4354,C,Naypyitaw,Normal,Male,Fashion accessories
198-84-7132,B,Mandalay,Member,Male,Fashion accessories
269-10-8440,A,Yangon,Member,Male,Health and beauty
650-98-6268,B,Mandalay,Member,Female,Food and beverages
741-73-3559,B,Mandalay,Normal,Male,Sports and travel
325-77-6186,A,Yangon,Member,Female,Home and lifestyle
286-75-7818,B,Mandalay,Normal,Male,Fashion accessories
574-57-9721,C,Naypyitaw,Normal,Male,Food and beverages
459-50-7686,A,Yangon,Normal,Female,Electronic accessories
616-87-0016,B,Mandalay,Normal,Male,Fashion accessories
837-55-7229,B,Mandalay,Normal,Female,Fashion accessories
751-69-0068,C,Naypyitaw,Normal,Male,Sports and travel
257-73-1380,C,Naypyitaw,Member,Male,Sports and travel
345-08-4992,A,Yangon,Normal,Male,Home and lifestyle
549-96-4200,C,Naypyitaw,Member,Male,Food and beverages
810-60-6344,C,Naypyitaw,Normal,Female,Electronic accessories
450-28-2866,C,Naypyitaw,Member,Male,Food and beverages
394-30-3170,B,Mandalay,Member,Female,Sports and travel
138-17-5109,A,Yangon,Member,Female,Home and lifestyle
192-98-7397,C,Naypyitaw,Normal,Male,Fashion accessories
301-11-9629,A,Yangon,Normal,Female,Sports and travel
390-80-5128,B,Mandalay,Member,Female,Health and beauty
235-46-8343,C,Naypyitaw,Member,Male,Food and beverages
453-12-7053,C,Naypyitaw,Normal,Male,Fashion accessories
296-11-7041,B,Mandalay,Member,Female,Health and beauty
449-27-2918,B,Mandalay,Member,Female,Sports and travel
891-01-7034,B,Mandalay,Normal,Female,Electronic accessories
744-09-5786,B,Mandalay,Normal,Male,Electronic accessories
727-17-0390,A,Yangon,Normal,Female,Food and beverages
568-88-3448,A,Yangon,Normal,Male,Health and beauty
187-83-5490,A,Yangon,Member,Male,Electronic accessories
767-54-1907,B,Mandalay,Member,Female,Fashion accessories
710-46-4433,B,Mandalay,Member,Female,Food and beverages
533-33-5337,B,Mandalay,Normal,Male,Electronic accessories
325-90-8763,C,Naypyitaw,Member,Female,Electronic accessories
729-46-7422,C,Naypyitaw,Normal,Male,Food and beverages
639-76-1242,C,Naypyitaw,Normal,Male,Food and beverages
234-03-4040,B,Mandalay,Member,Female,Food and beverages
326-71-2155,C,Naypyitaw,Normal,Female,Sports and travel
320-32-8842,C,Naypyitaw,Member,Female,Food and beverages
470-32-9057,A,Yangon,Member,Male,Food and beverages
878-30-2331,C,Naypyitaw,Member,Female,Sports and travel
440-59-5691,C,Naypyitaw,Member,Female,Health and beauty
554-53-3790,B,Mandalay,Normal,Male,Sports and travel
746-19-0921,C,Naypyitaw,Normal,Male,Food and beverages
233-34-0817,C,Naypyitaw,Member,Female,Electronic accessories
767-05-1286,C,Naypyitaw,Member,Female,Home and lifestyle
340-21-9136,A,Yangon,Member,Female,Sports and travel
405-31-3305,A,Yangon,Member,Male,Fashion accessories
731-59-7531,B,Mandalay,Member,Male,Health and beauty
676-39-6028,A,Yangon,Member,Female,Electronic accessories
502-05-1910,A,Yangon,Normal,Male,Health and beauty
485-30-8700,A,Yangon,Normal,Female,Sports and travel
598-47-9715,C,Naypyitaw,Normal,Male,Electronic accessories
701-69-8742,B,Mandalay,Normal,Male,Sports and travel
575-67-1508,A,Yangon,Normal,Male,Electronic accessories
541-08-3113,C,Naypyitaw,Normal,Male,Food and beverages
246-11-3901,C,Naypyitaw,Normal,Female,Electronic accessories
674-15-9296,A,Yangon,Normal,Male,Sports and travel
305-18-3552,B,Mandalay,Member,Male,Home and lifestyle
493-65-6248,C,Naypyitaw,Member,Female,Sports and travel
438-01-4015,B,Mandalay,Member,Female,Sports and travel
709-58-4068,B,Mandalay,Normal,Female,Fashion accessories
795-49-7276,A,Yangon,Normal,Male,Fashion accessories
556-72-8512,C,Naypyitaw,Normal,Male,Home and lifestyle
627-95-3243,B,Mandalay,Member,Female,Home and lifestyle
686-41-0932,B,Mandalay,Normal,Female,Fashion accessories
510-09-5628,A,Yangon,Member,Female,Fashion accessories
608-04-3797,B,Mandalay,Member,Female,Health and beauty
148-82-2527,C,Naypyitaw,Member,Female,Home and lifestyle
437-53-3084,B,Mandalay,Normal,Male,Fashion accessories
632-32-4574,B,Mandalay,Normal,Male,Sports and travel
556-97-7101,C,Naypyitaw,Normal,Female,Electronic accessories
862-59-8517,C,Naypyitaw,Normal,Female,Food and beverages
401-18-8016,B,Mandalay,Member,Female,Sports and travel
420-18-8989,A,Yangon,Member,Female,Sports and travel
277-63-2961,B,Mandalay,Member,Male,Sports and travel
573-98-8548,C,Naypyitaw,Member,Female,Fashion accessories
620-02-2046,C,Naypyitaw,Normal,Male,Home and lifestyle
282-35-2475,B,Mandalay,Normal,Female,Sports and travel
511-54-3087,B,Mandalay,Normal,Male,Sports and travel
726-29-6793,A,Yangon,Member,Male,Electronic accessories
387-49-4215,B,Mandalay,Member,Female,Sports and travel
862-17-9201,B,Mandalay,Normal,Female,Food and beverages
291-21-5991,B,Mandalay,Member,Male,Health and beauty
602-80-9671,C,Naypyitaw,Member,Female,Home and lifestyle
347-72-6115,B,Mandalay,Member,Female,Sports and travel
209-61-0206,A,Yangon,Normal,Female,Home and lifestyle
595-27-4851,A,Yangon,Normal,Female,Fashion accessories
189-52-0236,A,Yangon,Normal,Male,Electronic accessories
503-07-0930,C,Naypyitaw,Member,Male,Sports and travel
413-20-6708,C,Naypyitaw,Member,Female,Fashion accessories
425-85-2085,B,Mandalay,Member,Male,Health and beauty
521-18-7827,C,Naypyitaw,Member,Male,Home and lifestyle
220-28-1851,A,Yangon,Normal,Male,Home and lifestyle
600-38-9738,C,Naypyitaw,Member,Male,Sports and travel
734-91-1155,B,Mandalay,Normal,Female,Electronic accessories
451-28-5717,C,Naypyitaw,Member,Female,Home and lifestyle
609-81-8548,A,Yangon,Member,Female,Home and lifestyle
133-14-7229,C,Naypyitaw,Normal,Male,Health and beauty
534-01-4457,A,Yangon,Normal,Male,Food and beverages
719-89-8991,A,Yangon,Member,Female,Sports and travel
286-62-6248,B,Mandalay,Normal,Male,Fashion accessories
339-38-9982,B,Mandalay,Member,Male,Fashion accessories
827-44-5872,B,Mandalay,Member,Female,Food and beverages
827-77-7633,A,Yangon,Normal,Male,Sports and travel
287-83-1405,A,Yangon,Normal,Male,Health and beauty
435-13-4908,A,Yangon,Member,Male,Fashion accessories
857-67-9057,B,Mandalay,Normal,Male,Electronic accessories
236-27-1144,C,Naypyitaw,Normal,Female,Food and beverages
892-05-6689,A,Yangon,Normal,Female,Home and lifestyle
583-41-4548,C,Naypyitaw,Normal,Male,Home and lifestyle
339-12-4827,B,Mandalay,Member,Female,Fashion accessories
643-38-7867,A,Yangon,Normal,Male,Home and lifestyle
308-81-0538,A,Yangon,Normal,Female,Fashion accessories
358-88-9262,C,Naypyitaw,Member,Female,Food and beverages
460-35-4390,A,Yangon,Normal,Male,Home and lifestyle
343-87-0864,C,Naypyitaw,Member,Male,Health and beauty
173-50-1108,B,Mandalay,Member,Female,Sports and travel
243-47-2663,C,Naypyitaw,Member,Male,Electronic accessories
841-18-8232,B,Mandalay,Normal,Female,Food and beverages
701-23-5550,B,Mandalay,Member,Male,Home and lifestyle
647-50-1224,A,Yangon,Normal,Female,Fashion accessories
541-48-8554,A,Yangon,Normal,Male,Sports and travel
539-21-7227,B,Mandalay,Normal,Female,Sports and travel
213-32-1216,A,Yangon,Normal,Female,Electronic accessories
747-58-7183,B,Mandalay,Normal,Male,Fashion accessories
582-52-8065,B,Mandalay,Normal,Female,Fashion accessories
210-57-1719,B,Mandalay,Normal,Female,Health and beauty
399-69-4630,C,Naypyitaw,Normal,Male,Electronic accessories
134-75-2619,A,Yangon,Member,Male,Electronic accessories
356-44-8813,B,Mandalay,Normal,Male,Home and lifestyle
198-66-9832,B,Mandalay,Member,Female,Fashion accessories
283-26-5248,C,Naypyitaw,Member,Female,Food and beverages
712-39-0363,A,Yangon,Member,Male,Food and beverages
218-59-9410,A,Yangon,Member,Female,Home and lifestyle
174-75-0888,B,Mandalay,Normal,Male,Electronic accessories
866-99-7614,C,Naypyitaw,Normal,Male,Food and beverages
134-54-4720,B,Mandalay,Normal,Female,Electronic accessories
760-90-2357,A,Yangon,Member,Male,Electronic accessories
514-37-2845,B,Mandalay,Normal,Male,Fashion accessories
698-98-5964,A,Yangon,Normal,Female,Food and beverages
718-57-9773,C,Naypyitaw,Normal,Female,Sports and travel
651-88-7328,A,Yangon,Normal,Female,Fashion accessories
241-11-2261,B,Mandalay,Normal,Female,Fashion accessories
408-26-9866,C,Naypyitaw,Normal,Female,Sports and travel
834-83-1826,B,Mandalay,Member,Female,Home and lifestyle
343-61-3544,B,Mandalay,Member,Male,Sports and travel
239-48-4278,A,Yangon,Member,Male,Food and beverages
355-34-6244,B,Mandalay,Normal,Male,Food and beverages
550-84-8664,A,Yangon,Normal,Male,Sports and travel
339-96-8318,B,Mandalay,Member,Male,Fashion accessories
458-61-0011,B,Mandalay,Normal,Male,Food and beverages
592-34-6155,C,Naypyitaw,Normal,Male,Food and beverages
797-88-0493,A,Yangon,Normal,Female,Health and beauty
207-73-1363,B,Mandalay,Normal,Male,Health and beauty
390-31-6381,C,Naypyitaw,Normal,Male,Food and beverages
443-82-0585,A,Yangon,Member,Female,Health and beauty
339-18-7061,C,Naypyitaw,Member,Female,Fashion accessories
359-90-3665,B,Mandalay,Member,Female,Fashion accessories
375-72-3056,B,Mandalay,Normal,Male,Sports and travel
127-47-6963,A,Yangon,Normal,Male,Health and beauty
278-86-2735,A,Yangon,Normal,Female,Food and beverages
695-28-6250,A,Yangon,Normal,Female,Sports and travel
379-17-6588,C,Naypyitaw,Normal,Male,Fashion accessories
227-50-3718,A,Yangon,Normal,Male,Health and beauty
302-15-2162,C,Naypyitaw,Member,Male,Health and beauty
788-07-8452,C,Naypyitaw,Member,Female,Home and lifestyle
560-49-6611,A,Yangon,Member,Female,Sports and travel
880-35-0356,A,Yangon,Member,Female,Sports and travel
585-11-6748,B,Mandalay,Member,Male,Sports and travel
470-31-3286,B,Mandalay,Normal,Male,Health and beauty
152-68-2907,A,Yangon,Normal,Male,Food and beverages
123-35-4896,C,Naypyitaw,Normal,Female,Sports and travel
258-69-7810,C,Naypyitaw,Normal,Female,Fashion accessories
334-64-2006,A,Yangon,Member,Female,Home and lifestyle
219-61-4139,C,Naypyitaw,Normal,Male,Electronic accessories
881-41-7302,C,Naypyitaw,Normal,Female,Fashion accessories
373-09-4567,C,Naypyitaw,Normal,Male,Food and beverages
642-30-6693,B,Mandalay,Normal,Female,Sports and travel
484-22-8230,C,Naypyitaw,Member,Female,Fashion accessories
830-58-2383,B,Mandalay,Normal,Male,Home and lifestyle
559-98-9873,A,Yangon,Member,Female,Fashion accessories
544-32-5024,C,Naypyitaw,Member,Female,Food and beverages
318-12-0304,A,Yangon,Normal,Male,Fashion accessories
349-97-8902,B,Mandalay,Member,Male,Food and beverages
421-95-9805,A,Yangon,Normal,Female,Electronic accessories
277-35-5865,C,Naypyitaw,Member,Female,Food and beverages
789-23-8625,B,Mandalay,Member,Male,Fashion accessories
284-54-4231,C,Naypyitaw,Member,Male,Sports and travel
443-59-0061,A,Yangon,Member,Male,Food and beverages
509-29-3912,A,Yangon,Member,Female,Sports and travel
327-40-9673,B,Mandalay,Member,Male,Sports and travel
840-19-2096,C,Naypyitaw,Member,Male,Electronic accessories
828-46-6863,A,Yangon,Member,Male,Food and beverages
641-96-3695,C,Naypyitaw,Member,Female,Fashion accessories
420-97-3340,A,Yangon,Normal,Female,Food and beverages
436-54-4512,A,Yangon,Member,Female,Food and beverages
670-79-6321,B,Mandalay,Member,Female,Home and lifestyle
852-62-7105,B,Mandalay,Normal,Female,Fashion accessories
598-06-7312,B,Mandalay,Member,Male,Fashion accessories
135-13-8269,B,Mandalay,Member,Female,Food and beverages
816-57-2053,A,Yangon,Normal,Male,Sports and travel
628-90-8624,B,Mandalay,Member,Male,Health and beauty
856-66-2701,A,Yangon,Member,Male,Home and lifestyle
308-39-1707,A,Yangon,Normal,Female,Fashion accessories
149-61-1929,A,Yangon,Normal,Male,Sports and travel
655-07-2265,A,Yangon,Normal,Male,Electronic accessories
589-02-8023,A,Yangon,Member,Male,Food and beverages
420-04-7590,B,Mandalay,Normal,Male,Home and lifestyle
182-88-2763,B,Mandalay,Member,Male,Food and beverages
188-55-0967,B,Mandalay,Member,Male,Health and beauty
610-46-4100,A,Yangon,Normal,Male,Health and beauty
318-81-2368,C,Naypyitaw,Normal,Female,Electronic accessories
364-33-8584,B,Mandalay,Member,Female,Food and beverages
665-63-9737,B,Mandalay,Normal,Male,Fashion accessories
695-09-5146,B,Mandalay,Member,Female,Food and beverages
155-45-3814,C,Naypyitaw,Member,Female,Electronic accessories
794-32-2436,B,Mandalay,Member,Male,Electronic accessories
131-15-8856,C,Naypyitaw,Member,Female,Food and beverages
273-84-2164,C,Naypyitaw,Member,Male,Electronic accessories
706-36-6154,A,Yangon,Member,Male,Home and lifestyle
778-89-7974,C,Naypyitaw,Normal,Male,Health and beauty
574-31-8277,B,Mandalay,Member,Male,Fashion accessories
859-71-0933,C,Naypyitaw,Member,Female,Sports and travel
740-11-5257,C,Naypyitaw,Normal,Male,Electronic accessories
369-82-2676,B,Mandalay,Normal,Male,Electronic accessories
563-47-4072,B,Mandalay,Normal,Female,Health and beauty
742-04-5161,A,Yangon,Member,Male,Home and lifestyle
149-15-7606,B,Mandalay,Member,Male,Sports and travel
133-77-3154,B,Mandalay,Member,Male,Fashion accessories
169-52-4504,A,Yangon,Normal,Female,Electronic accessories
250-81-7186,C,Naypyitaw,Normal,Female,Electronic accessories
562-12-5430,A,Yangon,Member,Female,Fashion accessories
816-72-8853,A,Yangon,Member,Female,Sports and travel
491-38-3499,A,Yangon,Member,Male,Fashion accessories
322-02-2271,B,Mandalay,Normal,Female,Sports and travel
842-29-4695,C,Naypyitaw,Member,Male,Sports and travel
725-67-2480,B,Mandalay,Member,Female,Fashion accessories
641-51-2661,C,Naypyitaw,Member,Female,Food and beverages
714-02-3114,C,Naypyitaw,Normal,Female,Sports and travel
518-17-2983,A,Yangon,Normal,Female,Fashion accessories
779-42-2410,B,Mandalay,Member,Male,Food and beverages
190-14-3147,B,Mandalay,Normal,Female,Health and beauty
408-66-6712,C,Naypyitaw,Member,Female,Health and beauty
679-22-6530,B,Mandalay,Normal,Female,Sports and travel
588-47-8641,A,Yangon,Member,Male,Fashion accessories
642-61-4706,B,Mandalay,Member,Male,Food and beverages
576-31-4774,B,Mandalay,Normal,Female,Health and beauty
556-41-6224,C,Naypyitaw,Normal,Male,Health and beauty
811-03-8790,A,Yangon,Normal,Female,Electronic accessories
242-11-3142,B,Mandalay,Member,Male,Fashion accessories
752-23-3760,B,Mandalay,Member,Female,Sports and travel
274-05-5470,A,Yangon,Member,Female,Food and beverages
648-94-3045,C,Naypyitaw,Normal,Male,Health and beauty
130-67-4723,A,Yangon,Member,Male,Food and beverages
528-87-5606,B,Mandalay,Member,Female,Electronic accessories
320-85-2052,B,Mandalay,Normal,Female,Sports and travel
370-96-0655,C,Naypyitaw,Normal,Female,Fashion accessories
105-10-6182,A,Yangon,Member,Male,Fashion accessories
510-79-0415,B,Mandalay,Member,Female,Sports and travel
241-96-5076,B,Mandalay,Member,Female,Home and lifestyle
767-97-4650,B,Mandalay,Member,Female,Sports and travel
648-83-1321,A,Yangon,Member,Male,Home and lifestyle
173-57-2300,C,Naypyitaw,Member,Male,Sports and travel
305-03-2383,A,Yangon,Normal,Female,Food and beverages
394-55-6384,C,Naypyitaw,Member,Female,Sports and travel
266-20-6657,C,Naypyitaw,Member,Male,Food and beverages
689-05-1884,A,Yangon,Member,Male,Health and beauty
196-01-2849,C,Naypyitaw,Member,Female,Fashion accessories
372-62-5264,C,Naypyitaw,Normal,Female,Food and beverages
800-09-8606,A,Yangon,Member,Female,Home and lifestyle
182-52-7000,A,Yangon,Member,Female,Sports and travel
826-58-8051,B,Mandalay,Normal,Male,Home and lifestyle
868-06-0466,A,Yangon,Member,Male,Electronic accessories
751-41-9720,C,Naypyitaw,Normal,Male,Home and lifestyle
626-43-7888,C,Naypyitaw,Normal,Female,Fashion accessories
176-64-7711,B,Mandalay,Normal,Male,Food and beverages
191-29-0321,B,Mandalay,Member,Female,Fashion accessories
729-06-2010,B,Mandalay,Member,Male,Health and beauty
640-48-5028,B,Mandalay,Member,Female,Home and lifestyle
186-79-9562,B,Mandalay,Normal,Male,Health and beauty
834-45-5519,B,Mandalay,Normal,Female,Electronic accessories
162-65-8559,C,Naypyitaw,Member,Male,Food and beverages
760-27-5490,C,Naypyitaw,Normal,Male,Fashion accessories
445-30-9252,A,Yangon,Normal,Male,Sports and travel
786-94-2700,A,Yangon,Member,Male,Food and beverages
728-88-7867,C,Naypyitaw,Member,Female,Home and lifestyle
183-21-3799,C,Naypyitaw,Normal,Female,Electronic accessories
268-20-3585,C,Naypyitaw,Normal,Female,Health and beauty
735-32-9839,C,Naypyitaw,Member,Male,Fashion accessories
258-92-7466,A,Yangon,Normal,Female,Health and beauty
857-16-3520,A,Yangon,Member,Female,Fashion accessories
482-17-1179,A,Yangon,Member,Male,Electronic accessories
788-21-5741,A,Yangon,Normal,Male,Fashion accessories
821-14-9046,B,Mandalay,Member,Female,Fashion accessories
418-05-0656,B,Mandalay,Normal,Female,Fashion accessories
678-79-0726,C,Naypyitaw,Member,Female,Sports and travel
776-68-1096,B,Mandalay,Normal,Male,Home and lifestyle
592-46-1692,C,Naypyitaw,Member,Female,Food and beverages
434-35-9162,B,Mandalay,Member,Male,Food and beverages
149-14-0304,C,Naypyitaw,Member,Female,Health and beauty
442-44-6497,C,Naypyitaw,Member,Male,Home and lifestyle
174-64-0215,B,Mandalay,Normal,Male,Sports and travel
210-74-9613,C,Naypyitaw,Normal,Male,Fashion accessories
299-29-0180,B,Mandalay,Member,Female,Home and lifestyle
247-11-2470,A,Yangon,Member,Female,Fashion accessories
635-28-5728,A,Yangon,Normal,Male,Health and beauty
756-49-0168,A,Yangon,Member,Male,Fashion accessories
438-23-1242,B,Mandalay,Normal,Male,Electronic accessories
238-45-6950,B,Mandalay,Member,Male,Food and beverages
607-65-2441,C,Naypyitaw,Member,Male,Health and beauty
386-27-7606,C,Naypyitaw,Member,Female,Home and lifestyle
137-63-5492,C,Naypyitaw,Normal,Male,Electronic accessories
197-77-7132,B,Mandalay,Member,Male,Electronic accessories
805-86-0265,A,Yangon,Normal,Male,Home and lifestyle
733-29-1227,C,Naypyitaw,Normal,Male,Home and lifestyle
451-73-2711,C,Naypyitaw,Normal,Male,Food and beverages
373-14-0504,A,Yangon,Member,Female,Sports and travel
546-80-2899,A,Yangon,Member,Male,Home and lifestyle
345-68-9016,C,Naypyitaw,Member,Female,Sports and travel
390-17-5806,C,Naypyitaw,Member,Female,Food and beverages
457-13-1708,B,Mandalay,Member,Male,Fashion accessories
664-14-2882,C,Naypyitaw,Member,Female,Home and lifestyle
487-79-6868,B,Mandalay,Member,Female,Home and lifestyle
314-23-4520,C,Naypyitaw,Member,Male,Health and beauty
210-30-7976,B,Mandalay,Member,Female,Fashion accessories
585-86-8361,A,Yangon,Normal,Female,Food and beverages
807-14-7833,A,Yangon,Member,Female,Electronic accessories
775-72-1988,B,Mandalay,Normal,Male,Home and lifestyle
288-38-3758,C,Naypyitaw,Member,Female,Fashion accessories
652-43-6591,A,Yangon,Normal,Female,Fashion accessories
785-96-0615,B,Mandalay,Member,Female,Electronic accessories
406-46-7107,A,Yangon,Normal,Female,Home and lifestyle
250-17-5703,A,Yangon,Member,Male,Food and beverages
156-95-3964,A,Yangon,Normal,Female,Food and beverages
842-40-8179,B,Mandalay,Member,Female,Food and beverages
525-09-8450,B,Mandalay,Normal,Male,Electronic accessories
410-67-1709,A,Yangon,Member,Female,Fashion accessories
587-73-4862,A,Yangon,Member,Female,Health and beauty
787-87-2010,A,Yangon,Member,Male,Health and beauty
593-14-4239,B,Mandalay,Normal,Female,Home and lifestyle
801-88-0346,C,Naypyitaw,Normal,Female,Fashion accessories
388-76-2555,B,Mandalay,Normal,Male,Sports and travel
711-31-1234,B,Mandalay,Normal,Female,Electronic accessories
886-54-6089,A,Yangon,Normal,Female,Home and lifestyle
707-32-7409,B,Mandalay,Member,Female,Sports and travel
759-98-4285,C,Naypyitaw,Member,Female,Health and beauty
201-63-8275,C,Naypyitaw,Member,Female,Sports and travel
471-06-8611,C,Naypyitaw,Normal,Female,Food and beverages
200-16-5952,C,Naypyitaw,Member,Male,Food and beverages
120-54-2248,B,Mandalay,Normal,Female,Food and beverages
102-77-2261,C,Naypyitaw,Member,Male,Health and beauty
875-31-8302,B,Mandalay,Normal,Male,Sports and travel
102-06-2002,C,Naypyitaw,Member,Male,Sports and travel
457-94-0464,B,Mandalay,Member,Male,Electronic accessories
629-42-4133,C,Naypyitaw,Normal,Male,Health and beauty
534-53-3526,A,Yangon,Normal,Female,Sports and travel
307-04-2070,A,Yangon,Member,Female,Fashion accessories
468-99-7231,C,Naypyitaw,Normal,Female,Home and lifestyle
516-77-6464,C,Naypyitaw,Member,Female,Health and beauty
404-91-5964,A,Yangon,Normal,Male,Electronic accessories
886-77-9084,C,Naypyitaw,Normal,Male,Electronic accessories
790-38-4466,C,Naypyitaw,Normal,Female,Health and beauty
704-10-4056,C,Naypyitaw,Member,Male,Health and beauty
497-37-6538,A,Yangon,Normal,Male,Sports and travel
651-96-5970,A,Yangon,Normal,Male,Fashion accessories
400-80-4065,C,Naypyitaw,Member,Male,Health and beauty
744-16-7898,B,Mandalay,Normal,Female,Home and lifestyle
263-12-5321,A,Yangon,Member,Male,Electronic accessories
702-72-0487,A,Yangon,Normal,Female,Electronic accessories
605-83-1050,B,Mandalay,Normal,Male,Fashion accessories
443-60-9639,C,Naypyitaw,Member,Female,Home and lifestyle
864-24-7918,A,Yangon,Member,Female,Sports and travel
359-94-5395,B,Mandalay,Normal,Male,Health and beauty
401-09-4232,C,Naypyitaw,Member,Male,Home and lifestyle
751-15-6198,B,Mandalay,Normal,Male,Sports and travel
324-41-6833,C,Naypyitaw,Member,Female,Electronic accessories
474-33-8305,C,Naypyitaw,Member,Male,Fashion accessories
759-29-9521,A,Yangon,Member,Female,Fashion accessories
831-81-6575,B,Mandalay,Member,Female,Electronic accessories
220-68-6701,A,Yangon,Normal,Female,Home and lifestyle
618-34-8551,A,Yangon,Normal,Female,Sports and travel
257-60-7754,A,Yangon,Normal,Female,Electronic accessories
559-61-5987,B,Mandalay,Normal,Female,Health and beauty
189-55-2313,C,Naypyitaw,Normal,Female,Fashion accessories
565-91-4567,B,Mandalay,Normal,Male,Health and beauty
380-60-5336,A,Yangon,Normal,Female,Electronic accessories
815-04-6282,C,Naypyitaw,Member,Female,Sports and travel
674-56-6360,A,Yangon,Normal,Male,Electronic accessories
778-34-2523,A,Yangon,Member,Female,Electronic accessories
499-27-7781,B,Mandalay,Normal,Female,Food and beverages
477-59-2456,C,Naypyitaw,Normal,Female,Fashion accessories
832-51-6761,A,Yangon,Normal,Male,Food and beverages
869-11-3082,B,Mandalay,Member,Male,Health and beauty
190-59-3964,B,Mandalay,Member,Male,Food and beverages
366-43-6862,B,Mandalay,Normal,Male,Electronic accessories
186-43-8965,A,Yangon,Member,Female,Home and lifestyle
784-21-9238,C,Naypyitaw,Member,Male,Sports and travel
276-75-6884,A,Yangon,Normal,Female,Health and beauty
109-86-4363,B,Mandalay,Member,Female,Sports and travel
569-76-2760,A,Yangon,Member,Female,Sports and travel
222-42-0244,B,Mandalay,Member,Female,Health and beauty
760-53-9233,A,Yangon,Member,Male,Fashion accessories
538-22-0304,C,Naypyitaw,Normal,Male,Electronic accessories
416-17-9926,A,Yangon,Member,Female,Electronic accessories
237-44-6163,A,Yangon,Normal,Male,Electronic accessories
636-17-0325,B,Mandalay,Normal,Male,Health and beauty
343-75-9322,B,Mandalay,Member,Female,Sports and travel
528-14-9470,A,Yangon,Member,Male,Health and beauty
427-45-9297,B,Mandalay,Member,Female,Home and lifestyle
807-34-3742,A,Yangon,Normal,Male,Fashion accessories
288-62-1085,A,Yangon,Member,Male,Fashion accessories
670-71-7306,B,Mandalay,Normal,Male,Sports and travel
660-29-7083,C,Naypyitaw,Normal,Male,Electronic accessories
271-77-8740,C,Naypyitaw,Member,Female,Sports and travel
497-36-0989,A,Yangon,Normal,Male,Fashion accessories
291-59-1384,B,Mandalay,Normal,Male,Electronic accessories
860-73-6466,A,Yangon,Member,Female,Sports and travel
549-23-9016,C,Naypyitaw,Member,Female,Food and beverages
896-34-0956,A,Yangon,Normal,Male,Fashion accessories
804-38-3935,A,Yangon,Member,Male,Electronic accessories
585-90-0249,A,Yangon,Member,Male,Electronic accessories
862-29-5914,C,Naypyitaw,Normal,Female,Sports and travel
845-94-6841,C,Naypyitaw,Member,Female,Food and beverages
125-45-2293,A,Yangon,Normal,Female,Fashion accessories
843-73-4724,A,Yangon,Normal,Male,Fashion accessories
409-33-9708,A,Yangon,Normal,Female,Fashion accessories
658-66-3967,C,Naypyitaw,Normal,Male,Health and beauty
866-70-2814,B,Mandalay,Normal,Female,Electronic accessories
160-22-2687,A,Yangon,Member,Female,Health and beauty
895-03-6665,B,Mandalay,Normal,Female,Fashion accessories
770-42-8960,B,Mandalay,Normal,Male,Food and beverages
748-45-2862,A,Yangon,Member,Female,Home and lifestyle
234-36-2483,B,Mandalay,Normal,Male,Health and beauty
316-66-3011,A,Yangon,Member,Female,Food and beverages
848-95-6252,C,Naypyitaw,Member,Female,Home and lifestyle
840-76-5966,A,Yangon,Member,Male,Sports and travel
152-03-4217,B,Mandalay,Normal,Female,Home and lifestyle
533-66-5566,B,Mandalay,Normal,Female,Home and lifestyle
124-31-1458,A,Yangon,Member,Female,Electronic accessories
176-78-1170,C,Naypyitaw,Member,Male,Health and beauty
361-59-0574,B,Mandalay,Member,Male,Sports and travel
101-81-4070,C,Naypyitaw,Member,Female,Health and beauty
631-34-1880,C,Naypyitaw,Member,Male,Food and beverages
852-82-2749,A,Yangon,Normal,Male,Sports and travel
873-14-6353,A,Yangon,Member,Male,Food and beverages
584-66-4073,C,Naypyitaw,Normal,Male,Fashion accessories
544-55-9589,B,Mandalay,Member,Female,Electronic accessories
166-19-2553,A,Yangon,Member,Male,Sports and travel
737-88-5876,A,Yangon,Member,Male,Home and lifestyle
154-87-7367,C,Naypyitaw,Normal,Male,Home and lifestyle
885-56-0389,C,Naypyitaw,Member,Male,Fashion accessories
608-05-3804,B,Mandalay,Member,Male,Electronic accessories
448-61-3783,A,Yangon,Normal,Female,Electronic accessories
761-49-0439,B,Mandalay,Member,Female,Electronic accessories
490-95-0021,B,Mandalay,Member,Female,Food and beverages
115-38-7388,C,Naypyitaw,Member,Female,Fashion accessories
311-13-6971,B,Mandalay,Member,Male,Sports and travel
291-55-6563,A,Yangon,Member,Female,Home and lifestyle
548-48-3156,A,Yangon,Member,Female,Food and beverages
460-93-5834,A,Yangon,Normal,Male,Sports and travel
325-89-4209,A,Yangon,Member,Male,Food and beverages
884-80-6021,A,Yangon,Member,Female,Electronic accessories
137-74-8729,C,Naypyitaw,Normal,Female,Fashion accessories
880-46-5796,A,Yangon,Member,Male,Sports and travel
389-70-2397,C,Naypyitaw,Normal,Female,Health and beauty
114-35-5271,B,Mandalay,Normal,Female,Electronic accessories
607-76-6216,C,Naypyitaw,Member,Female,Fashion accessories
715-20-1673,B,Mandalay,Normal,Male,Electronic accessories
811-35-1094,B,Mandalay,Member,Male,Electronic accessories
699-88-1972,B,Mandalay,Normal,Male,Health and beauty
781-84-8059,C,Naypyitaw,Normal,Male,Fashion accessories
409-49-6995,C,Naypyitaw,Member,Female,Food and beverages
725-54-0677,C,Naypyitaw,Member,Male,Health and beauty
146-09-5432,A,Yangon,Member,Male,Food and beverages
377-79-7592,C,Naypyitaw,Member,Female,Electronic accessories
509-10-0516,B,Mandalay,Normal,Male,Home and lifestyle
595-94-9924,A,Yangon,Member,Female,Health and beauty
865-41-9075,A,Yangon,Normal,Male,Food and beverages
545-07-8534,C,Naypyitaw,Normal,Female,Health and beauty
118-62-1812,C,Naypyitaw,Member,Female,Home and lifestyle
450-42-3339,C,Naypyitaw,Normal,Male,Health and beauty
851-98-3555,B,Mandalay,Normal,Female,Health and beauty
186-71-5196,A,Yangon,Member,Female,Food and beverages
624-01-8356,B,Mandalay,Normal,Female,Home and lifestyle
313-66-9943,B,Mandalay,Member,Female,Food and beverages
151-27-8496,C,Naypyitaw,Normal,Female,Electronic accessories
453-33-6436,A,Yangon,Normal,Female,Home and lifestyle
522-57-8364,A,Yangon,Member,Male,Fashion accessories
459-45-2396,A,Yangon,Member,Female,Food and beverages
717-96-4189,C,Naypyitaw,Normal,Female,Electronic accessories
722-13-2115,C,Naypyitaw,Member,Male,Sports and travel
749-81-8133,A,Yangon,Normal,Female,Fashion accessories
777-67-2495,B,Mandalay,Normal,Male,Home and lifestyle
636-98-3364,B,Mandalay,Member,Female,Electronic accessories
246-55-6923,C,Naypyitaw,Member,Female,Home and lifestyle
181-82-6255,B,Mandalay,Normal,Female,Home and lifestyle
838-02-1821,C,Naypyitaw,Member,Female,Home and lifestyle
887-42-0517,C,Naypyitaw,Normal,Female,Sports and travel
457-12-0244,C,Naypyitaw,Member,Female,Sports and travel
226-34-0034,B,Mandalay,Normal,Female,Electronic accessories
321-49-7382,B,Mandalay,Member,Male,Sports and travel
397-25-8725,A,Yangon,Member,Female,Health and beauty
431-66-2305,B,Mandalay,Normal,Female,Electronic accessories
825-94-5922,B,Mandalay,Normal,Male,Sports and travel
641-62-7288,B,Mandalay,Normal,Male,Home and lifestyle
756-93-1854,C,Naypyitaw,Member,Female,Fashion accessories
243-55-8457,A,Yangon,Normal,Female,Food and beverages
458-10-8612,C,Naypyitaw,Normal,Male,Health and beauty
501-61-1753,B,Mandalay,Normal,Female,Home and lifestyle
235-06-8510,C,Naypyitaw,Member,Male,Home and lifestyle
433-08-7822,C,Naypyitaw,Normal,Female,Health and beauty
361-85-2571,A,Yangon,Normal,Female,Sports and travel
131-70-8179,A,Yangon,Member,Female,Health and beauty
500-02-2261,C,Naypyitaw,Normal,Female,Food and beverages
720-72-2436,A,Yangon,Normal,Male,Food and beverages
702-83-5291,C,Naypyitaw,Member,Male,Fashion accessories
809-69-9497,A,Yangon,Normal,Female,Home and lifestyle
449-16-6770,A,Yangon,Normal,Male,Health and beauty
333-23-2632,A,Yangon,Member,Male,Health and beauty
489-82-1237,A,Yangon,Normal,Female,Electronic accessories
859-97-6048,C,Naypyitaw,Member,Male,Electronic accessories
676-10-2200,B,Mandalay,Member,Male,Fashion accessories
373-88-1424,C,Naypyitaw,Member,Male,Home and lifestyle
365-16-4334,B,Mandalay,Normal,Female,Food and beverages
503-21-4385,B,Mandalay,Member,Male,Health and beauty
305-89-2768,B,Mandalay,Member,Female,Home and lifestyle
574-80-1489,B,Mandalay,Member,Female,Food and beverages
784-08-0310,C,Naypyitaw,Member,Female,Food and beverages
200-40-6154,B,Mandalay,Member,Male,Home and lifestyle
846-10-0341,A,Yangon,Normal,Female,Fashion accessories
577-34-7579,C,Naypyitaw,Member,Male,Food and beverages
430-02-3888,B,Mandalay,Normal,Male,Electronic accessories
867-47-1948,C,Naypyitaw,Normal,Female,Home and lifestyle
384-59-6655,A,Yangon,Member,Female,Food and beverages
256-58-3609,C,Naypyitaw,Member,Male,Fashion accessories
324-92-3863,A,Yangon,Member,Male,Electronic accessories
593-08-5916,A,Yangon,Normal,Female,Fashion accessories
364-34-2972,C,Naypyitaw,Member,Male,Electronic accessories
794-42-3736,B,Mandalay,Normal,Male,Food and beverages
172-42-8274,B,Mandalay,Normal,Female,Electronic accessories
558-60-5016,A,Yangon,Normal,Female,Home and lifestyle
195-06-0432,A,Yangon,Member,Male,Home and lifestyle
605-03-2706,A,Yangon,Normal,Female,Health and beauty
214-30-2776,B,Mandalay,Member,Female,Electronic accessories
746-04-1077,B,Mandalay,Member,Female,Food and beverages
448-34-8700,B,Mandalay,Member,Male,Home and lifestyle
452-04-8808,B,Mandalay,Normal,Male,Electronic accessories
531-56-4728,A,Yangon,Normal,Male,Home and lifestyle
744-82-9138,C,Naypyitaw,Normal,Male,Fashion accessories
883-69-1285,B,Mandalay,Member,Male,Fashion accessories
221-25-5073,A,Yangon,Normal,Female,Food and beverages
518-71-6847,B,Mandalay,Member,Male,Food and beverages
156-20-0370,B,Mandalay,Normal,Female,Electronic accessories
151-33-7434,B,Mandalay,Normal,Female,Food and beverages
728-47-9078,C,Naypyitaw,Member,Male,Food and beverages
809-46-1866,A,Yangon,Normal,Male,Health and beauty
139-32-4183,A,Yangon,Member,Female,Sports and travel
148-41-7930,C,Naypyitaw,Normal,Male,Health and beauty
189-40-5216,C,Naypyitaw,Normal,Male,Electronic accessories
374-38-5555,B,Mandalay,Normal,Female,Fashion accessories
764-44-8999,B,Mandalay,Normal,Female,Health and beauty
552-44-5977,B,Mandalay,Member,Male,Health and beauty
267-62-7380,C,Naypyitaw,Member,Male,Electronic accessories
430-53-4718,B,Mandalay,Member,Male,Health and beauty
886-18-2897,A,Yangon,Normal,Female,Food and beverages
602-16-6955,B,Mandalay,Normal,Female,Sports and travel
745-74-0715,A,Yangon,Normal,Male,Electronic accessories
690-01-6631,B,Mandalay,Normal,Male,Fashion accessories
652-49-6720,C,Naypyitaw,Member,Female,Electronic accessories
233-67-5758,C,Naypyitaw,Normal,Male,Health and beauty
303-96-2227,B,Mandalay,Normal,Female,Home and lifestyle
727-02-1313,A,Yangon,Member,Male,Food and beverages
347-56-2442,A,Yangon,Normal,Male,Home and lifestyle
849-09-3807,A,Yangon,Member,Female,Fashion accessories